"id","titre"
1,Films et animations
2,Auto/Moto
10,Musique
15,Animaux
17,Sport
18,Courts-métrages
19,Voyages et événements
20,Jeux vidéo
21,blogues vidéo
22,Gens et blogues
23,Humour
24,Divertissement
25,Actualités et politique
26,Vie pratique et style
27,Éducation
28,Science et technologie
30,Films
31,Dessins animés/films d'animation
32,Action/aventure
33,Classique
34,Humour
35,Documentaire
36,Drame
37,Famille
38,Étranger
39,Horreur
40,Science-fiction/fantastique
41,Film à sensations
42,Court métrage
43,Émissions
44,Bandes-annonces
